Gebied;Locatienummer;Locatienaam;2005;2006;2007;2008;2009;2010;2011;2012;2013;2014;2015;2016;2017;
Bargerveen;1;Amsterdamseveld noord;;;;4,4;4,3;4,0;5,4;4,9;4,8;6,4;4,4;6,0;5,7;
Bargerveen;2;Amsterdamseveld zuid;;;;4,3;5,3;4,4;5,8;5,0;4,7;5,7;4,1;5,7;5,7;
Bargerveen;3;Schoonebeekerveld;;;;4,1;4,6;4,6;5,9;5,7;4,7;5,4;4,1;5,8;5,7;
Bargerveen;4;Amsterdamseveld oost;;;;;;;;;;;4,3;5,7;5,3;
Bennekomse Meent;1;Midden;12,5;12,6;10,7;10,3;12,5;8,7;10,7;10,2;13,2;11,9;10,0;12,2;12,6;
Bennekomse Meent;2;Zuidwestrand;14,2;11,1;11,5;11,9;12,8;12,1;14,5;13,2;13,2;11,8;8,7;11,0;10,0;
Bennekomse Meent;3;Oostzijde;14,6;14,0;12,7;11,1;17,1;16,4;17,7;16,1;14,1;13,8;10,2;13,5;13,1;
Biesbosch;1;Otterpolder;;;;;;;;4,5;4,9;4,6;3,8;4,9;4,7;
Biesbosch;2;Hengstpolder;;;;;;;;4,8;5,2;4,9;4,3;5,4;5,0;
Biesbosch;3;Louw Simonswaard;;;;;;;;4,8;5,6;5,9;4,7;5,6;5,0;
Biesbosch;4;Maltha;;;;;;;;;;;;3,7;3,8;
Biesbosch;5;Eendenkooi Hofmansplaat;;;;;;;;;;;;5,1;5,0;
Biesbosch;6;Hoge Hof;;;;;;;;;;;;4,7;4,5;
Blijham De Wedderbergen;1;Hoornermeeden;;;;;;;;;;;4,4;6,3;5,3;
Boetelerveld;1;Oostelijk Veld;;6,6;7,3;5,8;6,1;5,8;6,7;6,7;6,6;6,4;5,2;6,1;5,9;
Boetelerveld;2;Westzijde;;8,2;8,0;5,9;7,1;5,9;7,2;8,0;7,5;7,3;6,9;8,0;8,1;
Boschhuizerbergen;1;Trimheuvel Zuid;;3,3;4,2;5,0;5,7;5,3;6,1;5,6;4,8;5,2;4,4;5,4;5,9;
Boschhuizerbergen;2;Pad Noord;;4,8;5,0;4,5;4,9;4,0;5,3;4,7;4,1;4,8;4,7;5,3;6,1;
Boschhuizerbergen;3;Zuiderbergweg;;;;;;;;;;;;;10,0;
Brabantse Wal;1;Groote Meer;3,7;3,8;2,8;4,2;3,0;3,4;3,5;3,3;3,0;3,1;2,6;3,6;3,6;
Brabantse Wal;2;Kriekelare Duinen;2,1;2,7;2,2;3,0;2,6;2,4;3,0;3,4;3,0;2,8;2,8;3,5;3,6;
Brabantse Wal;3;Klapwijk;2,8;2,9;2,1;2,8;2,2;2,3;2,0;2,2;2,7;2,3;2,5;2,9;3,1;
Brabantse Wal;4;Wouwse Plantage;;;;;;;;;;;;2,7;2,9;
Brabantse Wal;5;Zoomland;;;;;;;;;;;;3,6;4,3;
Brunssummerheide;1;Schrieversheide;;1,9;2,9;2,0;2,3;2,5;2,4;2,7;2,5;3,1;3,0;3,7;3,6;
Brunssummerheide;2;Plateau Tweede Heide;;2,5;3,0;2,2;2,4;2,4;3,5;3,5;2,7;3,2;2,7;3,5;2,9;
Brunssummerheide;3;Hangven;;;;;;;;2,0;1,6;2,4;2,3;2,2;2,4;
Buurserzand & Haaksbergerveen;1;Steenhaar;4,7;5,4;5,0;5,4;4,9;4,5;5,6;6,3;4,9;5,6;4,9;6,1;6,1;
Buurserzand & Haaksbergerveen;2;De Schans;4,5;5,4;4,7;4,9;5,3;4,5;5,4;4,9;4,3;5,2;4,5;5,4;5,4;
Buurserzand & Haaksbergerveen;3;Sekmaatvlakte;4,4;4,7;4,9;4,9;4,7;4,4;4,7;4,7;3,7;4,9;4,2;5,4;5,3;
Buurserzand & Haaksbergerveen;4;Horsterveen;;;;;4,7;4,6;5,6;5,7;5,7;5,4;5,1;6,5;6,7;
Buurserzand & Haaksbergerveen;5;Kerkenveen;;;;;6,4;5,3;6,0;6,4;6,3;6,6;5,3;6,8;6,7;
Buurserzand & Haaksbergerveen;6;Steenhaarplas;;;;;;;;6,0;4,5;5,5;;;;
De Borkeld & Elssenerveld;1;Berm A1;;7,0;5,1;5,9;;6,3;7,2;6,8;6,4;6,7;5,8;;7,5;
De Borkeld & Elssenerveld;2;Wildraster;;4,9;3,7;3,7;4,1;4,1;4,5;4,6;4,9;4,9;3,8;4,9;4,7;
De Borkeld & Elssenerveld;3;Wakelveld;;4,1;3,4;3,7;3,0;2,8;3,4;3,4;3,1;3,3;3,0;4,0;3,8;
De Borkeld & Elssenerveld;4;Elssenerveld;;5,0;3,8;3,6;4,5;3,8;4,3;4,4;4,2;4,7;3,8;5,0;4,9;
Dinkelland;1;Punthuizen;4,1;4,3;4,1;4,3;4,4;4,8;5,3;5,8;5,0;5,5;4,4;5,7;5,6;
Dinkelland;2;Stroothuizen/Groener;5,2;4,6;4,4;5,4;6,0;5,3;6,5;6,6;6,2;7,0;5,6;6,9;6,9;
Dinkelland;3;Stroothuizen/Oortven;4,5;4,1;3,9;4,5;4,4;4,4;5,3;5,0;;;;;;
Dinkelland;4;Dinkelland Zoekerbrug;;;;;;;;;5,7;6,8;5,8;7,8;6,9;
Dinkelland;5;Bossinksbrug;;;;;;;;;11,0;;;;;
Dinkelland;6;Terrein Bloemen;;;;;;;;;;;;7,2;6,8;
Drentse Aa;1;Kappersbult;3,7;4,3;3,2;4,2;2,2;4,6;4,4;4,5;4,2;4,3;4,7;5,4;5,9;
Drentse Aa;2;De Heest;2,4;3,0;2,9;2,9;3,9;5,2;5,6;3,6;3,4;3,4;2,9;3,7;3,7;
Drentse Aa;3;Postweg;3,0;3,0;2,5;3,1;;2,3;3,3;3,4;3,0;3,9;3,3;3,4;3,3;
Drentse Aa;4;Eexterveld;3,0;3,7;2,7;4,1;;2,9;3,7;3,9;4,5;5,1;4,1;4,2;5,2;
Drents-Friese Wold;1;Vledder Aa;;;;;;;;3,9;3,5;4,7;2,8;3,8;3,7;
Drents-Friese Wold;2;Wapserveld;;;;;;;;2,8;2,6;3,7;2,8;3,1;3,4;
Drents-Friese Wold;3;Oude Willem;;;;;;;;3,2;3,1;3,4;2,7;4,0;4,6;
Drents-Friese Wold;4;Kale Duinen;;;;;;;;3,1;3,1;3,6;2,8;3,5;3,6;
Duinen Texel & achterland;1;Dulevlak;;;;;;;;;;2,1;1,2;1,9;2,0;
Duinen Texel & achterland;2;Paal 9;;;;;;;;;;3,0;1,8;2,9;2,9;
Duinen Texel & achterland;3;Natte Blok;;;;;;;;;3,1;3,7;2,3;2,8;2,5;
Duinen Texel & achterland;4;De Bol;;;;;;;;;3,1;3,1;2,4;3,3;3,3;
Duinen Texel & achterland;5;Wagejot;;;;;;;;;3,5;2,9;2,6;2,9;3,1;
Dwingelderveld;1;Noorderveld;2,9;3,4;2,9;2,6;2,9;2,6;4,6;3,5;3,6;4,8;3,8;4,7;4,0;
Dwingelderveld;2;Benderseberg;3,5;4,0;3,2;3,3;3,8;3,5;4,6;3,6;4,2;5,6;4,3;5,6;4,5;
Dwingelderveld;3;Kloosterveld;;3,9;3,4;2,8;3,4;3,0;4,3;4,8;4,4;5,4;4,1;5,1;4,6;
Dwingelderveld;4;Veldslagen;;;2,6;2,8;3,1;2,1;3,7;3,2;3,8;4,4;3,4;4,6;4,6;
Eilandspolder;1;Werkschuur;;;;;;;;5,3;5,8;6,3;4,8;6,7;6,6;
Eilandspolder;2;Helsloot;;;;;;;;4,1;5,0;4,9;4,0;5,2;5,3;
Eilandspolder;3;Brug Delft;;;;;;;;4,8;5,1;4,8;3,7;5,3;5,4;
Engbertsdijksvenen;1;Noord;;;;;;;;;;;;5,5;5,9;
Fochteloërveen & Esmeer;1;Fochteloërveenseweg;;;;3,2;3,4;3,4;3,6;4,0;3,3;3,8;3,0;3,6;3,9;
Fochteloërveen & Esmeer;2;Fochtelo;;;;4,3;4,0;4,0;4,8;5,5;3,8;6,8;4,2;4,7;6,3;
Fochteloërveen & Esmeer;3;Norgervaart;;;;3,2;2,6;2,0;3,0;3,3;2,8;3,5;2,7;3,5;3,7;
Fochteloërveen & Esmeer;4;Bonghaar;;;;3,2;4,5;3,2;3,5;3,6;2,8;3,6;2,5;2,9;3,3;
Geuldal;1;Bovenste Molen;;;;;;;;3,5;3,6;4,0;3,8;5,5;4,4;
Geuldal;2;Volmolen;;;;;;;;3,8;4,1;4,2;3,8;4,9;5,5;
Geuldal;3;Kersenweide Gerendal;;;;;;;;3,4;3,8;5,9;4,5;4,7;4,8;
Grevelingen;1;Stampersplaat;;;;;;;;;2,7;2,4;2,5;2,9;2,9;
Grevelingen;2;Slikken Bommenede;;;;;;;;;3,6;3,3;2,9;3,7;3,5;
Grevelingen;3;Veermansplaat;;;;;;;;;3,9;3,5;2,9;3,6;3,4;
Groote Peel;1;Monument Asten;10,2;8,6;7,6;5,7;7,2;9,7;10,1;10,4;8,2;8,1;7,9;8,3;8,1;
Groote Peel;2;Eeuwselse Loop;9,9;8,2;8,2;6,1;7,0;8,1;12,4;10,4;8,0;7,9;8,6;10,1;9,4;
Groote Peel;3;Filose Peel;11,1;8,7;7,8;6,9;8,9;9,3;9,1;10,7;7,2;8,2;6,4;8,0;8,3;
Groote Peel;4;Zevende Baan;10,9;8,8;8,1;6,4;8,4;8,7;9,6;9,5;7,7;8,3;6,6;9,2;8,4;
Groote Peel;5;Gele Route;9,7;8,5;7,7;6,0;8,4;7,2;8,1;8,4;6,2;7,8;6,5;7,5;7,5;
Groote Peel;6;Steltlopersven;;9,6;8,7;6,5;8,8;9,3;10,8;8,5;6,7;7,0;5,5;6,7;7,4;
Groote Peel;7;Laars Elfde Ven;;7,7;6,9;5,5;6,7;8,3;8,8;7,7;6,9;8,2;6,9;8,5;8,1;
Groote Peel;8;Filose Peel, Ven;;7,7;7,8;6,3;7,9;9,1;9,0;10,0;7,4;8,7;7,4;9,2;8,9;
Groote Peel;9;Amslo Berg;;11,7;8,2;6,5;7,9;8,2;10,4;9,3;9,1;9,5;8,1;10,7;10,5;
Groote Wielen;1;BMWH polder;;;;;;;;4,9;4,8;8,4;4,8;7,6;9,6;
Groote Wielen;2;It Set;;;;;;;;5,4;5,1;6,9;5,6;7,7;5,5;
Groote Wielen;3;Ypey molen;;;;;;;;4,8;5,7;6,6;4,8;6,2;5,5;
Haringvliet;1;Tiengemeten;;;;;;;;;6,9;7,2;4,2;4,9;3,9;
Hazenputten;1;Dommelbeemden;;;;;;;;;;;;7,9;8,5;
Horsterwold;1;De Stille Kern;;;;;;;;;;;3,2;3,7;3,8;
Kampina;1;De Logt 5a;10,8;10,3;7,9;8,3;7,7;6,5;7,8;7,1;6,4;6,3;5,7;7,4;8,0;
Kampina;2;Groot Goor (waterpeilpunt 16);5,7;4,3;4,7;5,4;4,3;4,0;5,2;4,9;4,7;4,6;4,3;5,3;5,1;
Kampina;3;Voormalig depot Haarensedijk;4,8;5,0;4,4;5,3;5,0;4,3;5,5;4,8;5,0;5,1;4,6;5,8;5,9;
Kampina;4;Hooge hei / graf van Van Tienhoven;5,0;4,7;4,8;4,9;4,7;4,2;5,2;4,9;4,9;4,7;4,1;5,4;5,1;
Kantens Rietveld;1;Dijkrug;;;;;;;;;;;4,9;6,0;;
Kempenland-West;1;Neterselse Heide;;;;;;;;;;;;7,9;8,0;
Kempenland-West;2;Fons Van Der Heijdenstraat;;;;;;;;;;;;6,2;6,0;
Kempenland-West;3;Landschotse Heide;;;;;;;;;;;;8,4;8,4;
Kennemerland;1;De Zilk;1,9;2,1;1,5;2,4;2,2;1,8;2,2;2,1;2,2;2,2;2,2;2,2;2,1;
Kennemerland;2;Langevelderslag, strand;2,0;1,6;2,2;2,6;2,2;2,4;;2,2;;2,0;;;;
Kennemerland;3;Langevelderslag, midden;1,5;1,3;1,6;1,8;1,5;1,3;1,8;1,8;1,8;2,0;;;;
Kennemerland;4;Langevelderslag, oostzijde;1,7;1,4;1,7;1,5;1,4;1,3;1,7;1,6;1,8;1,9;;;;
Kennemerland;5;Kattendel;;;;;;;;;2,7;2,9;2,4;3,0;2,2;
Kennemerland;6;Doorbraak;;;;;;;;;1,9;2,1;1,6;1,9;1,5;
Kennemerland;7;Bergweg Vinkebaan;;;;;;;;;2,1;1,7;1,7;2,2;2,0;
Kop van Schouwen;1;Zeereep;;;;;;;;1,9;2,4;2,5;2,0;2,5;;
Kop van Schouwen;2;Klein Zwitserland;;;;;;;;1,8;1,8;2,1;1,4;1,8;2,0;
Kop van Schouwen;3;Vroongronden;;;;;;;;2,0;2,3;2,0;1,7;2,3;2,2;
Kop van Schouwen;4;Vroongronden 2;;;;;;;;1,9;1,9;;;;;
Korenburgerveen;1;Middeldijk ;4,1;4,1;4,1;4,3;4,2;4,5;5,3;4,7;4,7;4,6;4,2;5,3;5,2;
Korenburgerveen;2;Zandige heide;4,2;4,1;4,9;4,4;5,0;4,7;5,0;5,4;4,8;4,7;4,3;5,4;5,4;
Korenburgerveen;3;Vragenderveen;5,1;4,6;4,6;4,2;5,4;5,0;6,5;6,3;5,3;5,7;5,1;5,9;6,1;
Krammer-Volkerak;1;Dintelse Gorzen;;;;;;;;;;8,0;4,5;;5,0;
Krammer-Volkerak;2;Werkpad;;;;;;;;;;;;5,3;4,2;
Krammer-Volkerak;3;De Punt;;;;;;;;;;;;6,8;6,2;
Langstraat;1;Waardman Perceel;;;;;;;;;;;;;;
Lauwersmeer;1;De Middelplaat;;;;;;;;;;;3,8;4,0;4,3;
Leekstermeergebied;1;Gemaal Roderwolde;;;;;;;;6,2;6,0;6,5;5,5;7,1;6,1;
Leekstermeergebied;2;Roderwolderdijk;;;;;;;;4,1;4,7;5,2;3,7;5,1;4,8;
Leekstermeergebied;3;Gemaal Cnossen;;;;;;;;4,5;4,5;5,3;3,9;5,2;5,0;
Leenderbos, Groote Heide & De Plateaux;1;Groote Heide;;;;;;;;;;;;4,4;4,3;
Leenderbos, Groote Heide & De Plateaux;2;Hassels Vennen;;;;;;;;;;;;3,9;3,9;
Leenderbos, Groote Heide & De Plateaux;3;Spinsterberg;;;;;;;;;;;;4,3;4,0;
Leenderbos, Groote Heide & De Plateaux;4;Leenderheide;;;;;;;;;;;;4,0;3,7;
Loonse en Drunense Duinen;1;Hengstven;;;;;;;;5,3;4,7;5,6;4,4;5,9;5,3;
Loonse en Drunense Duinen;2;Rustende Jager;;;;;;;;3,9;3,5;3,5;3,3;4,3;3,7;
Loonse en Drunense Duinen;3;Bosch en Duin;;;;;;;;2,7;3,0;3,2;3,3;3,9;3,7;
Loonse en Drunense Duinen;4;Eftelinghotel;;;;;;;;3,5;3,7;3,6;4,3;4,6;4,8;
Loonse en Drunense Duinen;5;Huis ter Heide;;;;;;;;;;5,0;4,5;5,9;6,5;
Maasduinen;1;Gertenkamp Oost;;;;;;;;5,5;5,1;4,6;4,9;5,8;6,3;
Maasduinen;2;Grote Heide;;;;;;;;4,9;4,9;4,5;4,6;5,2;6,0;
Maasduinen;3;Bergerheide;;;;;;;;7,6;6,4;7,4;6,2;7,8;7,4;
Maasduinen;4;Eendenmeer;;;;;;;;5,5;5,1;5,2;4,7;5,1;5,4;
Maasduinen;5;Het Quin;;;;;;;;6,6;5,4;5,3;5,2;5,7;6,5;
Maashorst;1;Brobbelbies;;;;;;;;;;;7,6;9,3;9,1;
Maashorst;2;Munse Heide;;;;;;;;;;;;8,8;7,6;
Maashorst;3;Slabroek;;;;;;;;;;;;7,6;8,1;
Manteling van Walcheren;1;Zeereep;;;;;;;;1,5;1,5;1,8;1,7;2,3;1,9;
Manteling van Walcheren;2;Munnikendal;;;;;;;;2,1;2,1;2,1;1,9;2,8;2,7;
Manteling van Walcheren;3;Beekhoekspolder;;;;;;;;2,8;2,8;2,4;2,4;3,1;3,1;
Manteling van Walcheren;4;Duinweg;;;;;;;;2,0;2,0;2,3;2,0;2,9;2,9;
Mariapeel;1;Liesselse Peel;10,0;7,3;8,3;6,8;7,7;7,3;8,1;7,9;6,8;8,7;7,5;7,9;9,4;
Mariapeel;2;Krekels;8,1;5,4;6,0;5,7;5,8;5,8;5,8;6,9;5,7;6,2;5,5;7,0;6,9;
Mariapeel;3;Land van Van Bommel;6,6;7,3;6,9;5,6;6,5;5,7;5,6;6,0;5,1;5,1;4,9;5,8;6,0;
Mariapeel;4;Compartiment 4;7,0;5,0;6,8;5,4;5,6;5,7;6,3;6,4;5,5;5,6;5,0;6,1;5,6;
Mariapeel;5;Defensiekanaal;7,4;8,2;7,7;6,7;7,1;6,5;8,6;8,1;6,8;6,5;6,4;8,0;7,9;
Mariapeel;6;Defensiekanaal fietspad;;;;;;;;9,2;7,3;7,3;6,6;9,0;8,5;
Mastbos (Ulvenhoutse Bos);1;Kogelvanger;;;;;;;;;;;;4,2;4,3;
Meinweg;1;Crayhof;;;;;;;;3,0;2,6;2,3;2,8;3,0;2,9;
Meinweg;2;Waalsberg;;;;;;;;2,7;2,7;2,5;2,4;2,5;2,7;
Meinweg;3;Elfenmeer;;;;;;;;2,2;2,1;2,4;2,4;2,3;2,6;
Meyendel;1;Zeereep;1,4;1,4;1,5;2,1;2,7;;1,8;1,6;1,8;1,9;1,6;1,8;1,8;
Meyendel;2;Meeuwenduin;1,4;1,9;1,5;1,9;1,7;1,4;1,6;1,3;1,7;1,9;1,8;1,9;1,9;
Meyendel;3;Pallandpad;1,6;2,2;2,0;2,1;2,9;1,3;2,1;1,9;2,6;3,2;2,2;2,3;2,2;
Meyendel;4;Lopert;1,9;1,7;2,1;2,5;2,2;1,8;1,7;1,9;1,8;2,2;2,2;2,0;2,1;
Naardermeer;1;Naardermeer Oost;;;;;;;;4,6;3,8;4,3;3,0;4,5;;
Naardermeer;2;Elshof;;;;;;;;5,5;4,6;5,3;3,7;5,8;;
Nederland;1;Tijdreeks Nederland;5,5;5,9;5,4;5,6;5,8;5,3;6,4;6,0;5,8;6,2;5,3;6,5;6,5;
Needse Achterveld;1;Het Groene Weggetje;;6,8;5,7;5,5;6,1;6,2;7,9;7,7;5,9;5,8;5,3;6,6;6,8;
Needse Achterveld;2;Gagelveld;;;5,6;5,1;5,6;5,2;5,6;6,0;5,4;5,7;5,0;6,2;6,4;
Nieuwkoopse Plassen;1;Meeslo;;;;;;;;6,4;5,6;5,5;4,7;5,7;5,6;
Nieuwkoopse Plassen;2;Laatste Petgat;;;;;;;;4,9;4,3;5,1;4,2;4,8;4,6;
Nieuwkoopse Plassen;3;Wije van de Vliet;;;;;;;;5,0;4,7;4,6;4,5;5,0;5,3;
Nisse De Poel;1;Heggengebied;;;;;;;;;;;3,6;4,3;4,7;
Noord-Hollands Duinreservaat;1;Diederik;;;;;;;;;2,9;2,8;;;;
Noord-Hollands Duinreservaat;2;Doornvlak;;;;;;;;;2,1;2,0;;;;
Noord-Hollands Duinreservaat;3;Strand;;;;;;;;;2,2;2,3;;;;
Nuland;1;Nulandsche Heide;;;;;;;;;;;;7,7;7,4;
Oostburg De Sophia;1;Maagdenbergweg;;;;;;;;;;;5,9;7,1;8,4;
Oostelijke Vechtplassen;1;Zodje;;;;;;;;4,7;4,3;4,7;4,1;4,8;5,0;
Oostelijke Vechtplassen;2;Stichtse Kade;;;;;;;;4,0;3,5;4,0;3,3;4,1;4,2;
Oostelijke Vechtplassen;3;Nera;;;;;;;;4,5;3,2;3,5;3,3;3,5;4,0;
Oosterschelde;1;Vlietepolder O;;;;;;;;3,1;3,1;3,2;3,0;3,9;3,8;
Oosterschelde;2;Vlietepolder W;;;;;;;;3,6;2,9;3,4;2,6;3,4;3,8;
Oosterschelde;3;Rietput Goeser Sas;;;;;;;;;;4,2;3,6;4,3;4,6;
Oosterschelde;4;Schor Wilhelminapolder;;;;;;;;;3,8;4,3;4,0;5,6;4,9;
Oosterschelde;5;Van Haaftepolder Stinkgat;;;;;;;;6,9;5,8;5,2;4,2;4,9;5,6;
Oosterschelde;6;Van Haaftepolder Krabbekreekweg;;;;;;;;5,8;5,3;4,5;4,9;7,1;6,9;
Oostvaardersplassen;1;De Aalscholver;;;;;;;;3,5;4,2;4,9;3,2;4,9;;
Oostvaardersplassen;2;De Visarend;;;;;;;;3,3;3,8;4,2;3,0;4,0;;
Oostvaardersplassen;3;Het Edelhert;;;;;;;;5,6;5,4;5,8;4,4;5,7;;
Oostvaardersplassen;4;De Zeearend;;;;;;;;4,1;4,2;4,8;3,2;4,5;;
Pompveld;1;Baksekade;;;;;;;;;;;;6,1;6,2;
Regte Heide & Riels Laag;1;Grafheuvels;;;;;;;;;;;;6,8;6,9;
Regte Heide & Riels Laag;2;Rietven;;;;;;;;;;;;6,7;6,7;
Regte Heide & Riels Laag;3;Roovertse Heide;;;;;;;;;;;;6,1;6,5;
Rottige Meenthe & Brandemeer;1;Rottige Meenthe Peilbuis;;;;;;;;5,8;4,9;6,4;4,4;5,6;5,9;
Rottige Meenthe & Brandemeer;2;Brandemeer noord;;;;;;;;6,2;6,3;7,5;6,0;7,5;7,1;
Rottige Meenthe & Brandemeer;3;Brandemeer zuid;;;;;;;;;5,4;7,2;6,2;7,4;7,0;
Rucphen;1;Rucphense Heide;;;;;;;;;;;;3,8;4,4;
Rucphen;2;Grens;;;;;;;;;;;;6,8;6,3;
Sallandse Heuvelrug;1;De Slingerweide;5,2;5,0;5,8;4,9;4,7;5,2;5,3;5,4;4,8;5,1;4,5;5,4;5,4;
Sallandse Heuvelrug;2;Vliegveld;4,5;3,8;4,5;3,9;3,7;4,3;5,2;5,3;4,6;4,8;4,1;5,1;5,0;
Sallandse Heuvelrug;3;Grote Koningsbelt;4,6;4,1;4,0;4,2;4,5;4,0;5,0;5,5;4,2;4,8;4,1;5,3;5,2;
Sallandse Heuvelrug;4;Holterheide;;4,2;3,4;4,3;4,1;3,6;4,4;4,3;3,8;4,4;3,7;4,8;4,6;
Sallandse Heuvelrug;5;Sikkelbosch;;3,3;3,6;3,8;2,9;3,1;4,0;3,8;3,5;4,1;3,4;4,1;4,2;
Sallandse Heuvelrug;6;Hexel;;3,3;3,8;4,3;5,6;3,6;3,9;3,7;4,1;4,5;4,0;4,9;4,2;
Sarsven & De Banen;1;Sarsven;11,6;7,3;8,2;7,7;10,5;12,5;9,9;9,8;9,4;10,5;8,5;9,9;9,3;
Sarsven & De Banen;2;De Banen;12,6;8,8;10,2;8,6;10,4;10,4;8,6;8,8;8,5;9,2;8,1;10,1;10,5;
Schiermonnikoog;1;Meteo Groenglop;;;;;;;;5,1;4,7;6,1;5,5;5,8;4,6;
Schiermonnikoog;2;Kooiduinen;;;;;;;;3,6;3,5;4,3;3,3;3,7;3,4;
Schiermonnikoog;3;Monding Eerste Slenk;;;;;;;;4,1;3,4;4,1;3,0;3,9;3,3;
Schiermonnikoog;4;Oosterkwelder;;;;;;;;2,4;2,7;2,5;1,7;2,2;2,0;
Schiermonnikoog;5;Om de West;;;;;;;;2,0;1,7;2,3;1,8;2,0;2,1;
Schiermonnikoog;6;Paardenwei;;;;;;;;1,8;2,1;2,6;1,4;2,2;2,9;
Schokland;1;Vluchthavenpad;;;;;;;;;;;5,7;5,8;6,3;
Sint Pietersberg;1;Kannerweide;;;;;;;;4,4;3,7;4,2;3,9;4,4;4,6;
Sint Pietersberg;2;Graftlucerneakker;;;;;;;;4,2;3,6;4,2;3,8;4,1;4,2;
Sint Pietersberg;3;Plateau Noord;;;;;;;;4,4;3,5;3,8;3,6;4,1;4,1;
Sneekermeergebied;1;Kop Bloksloot;;;;;;;;;;;5,2;7,8;6,7;
Springendal;1;NAM;4,3;4,4;4,4;4,6;4,9;4,2;5,4;5,3;4,8;5,4;4,6;5,5;5,6;
Springendal;2;Zuid;;5,6;5,0;6,1;5,7;5,8;7,2;6,5;5,7;6,2;4,9;6,5;6,1;
Stelkampsveld;1;Middelste eik;5,9;5,4;4,1;4,8;5,7;5,3;6,7;6,2;5,8;6,4;5,5;6,5;6,7;
Stelkampsveld;2;Berk;6,6;;;;;;;;;;;;;
Stelkampsveld;3;Beekvliet/Maandagsdijk;5,6;5,1;4,4;4,9;5,3;4,7;5,6;5,3;5,3;5,9;5,0;6,5;6,2;
Stippelberg;1;Heistraat;;;;;;;;;;;;18,1;16,5;
Stippelberg;2;Beugense Peel;;;;;;;;;;;;8,8;9,1;
Stippelberg;3;De Krim;;;;;;;;;;;;11,6;10,6;
Stippelberg;4;Klotterpeel;;;;;;;;;;;;9,7;7,4;
Stippelberg;5;Snelle Loop;;;;;;;;;;;;10,1;11,1;
Stippelberg;6;Heibloem;;;;;;;;;;;;11,9;10,2;
Stippelberg;7;De Rooije Plas;;;;;;;;;;;;13,9;10,5;
Strabrechtse Heide;1;Hoenderboom;6,0;5,8;5,9;5,3;7,2;5,0;5,7;4,8;4,3;6,4;6,0;7,3;7,0;
Strabrechtse Heide;2;Lobeliabaai;5,0;4,5;5,5;5,6;5,7;5,3;6,0;4,9;5,2;6,0;5,3;6,7;6,0;
Strabrechtse Heide;3;Beuven-noordoostoever;5,2;4,9;6,0;5,6;5,4;4,7;5,7;4,8;4,7;6,4;5,6;6,9;6,3;
Strabrechtse Heide;4;Starven;6,0;5,1;6,3;6,2;5,8;6,1;6,4;5,6;6,0;7,4;5,5;7,0;6,3;
Strabrechtse Heide;5;Peelrijt;4,9;4,9;5,5;4,4;4,7;4,0;4,6;4,1;4,3;;;;;
Strabrechtse Heide;6;Rulsedijk;;3,6;6,3;4,6;4,3;4,4;5,5;4,1;4,7;4,7;4,5;5,2;5,0;
Strabrechtse Heide;7;Berkenheuvels;;4,0;4,5;4,0;3,5;3,7;4,5;3,9;4,0;4,3;3,8;4,8;4,8;
Strabrechtse Heide;8;Zandverstuiving;;4,9;5,1;4,8;4,6;4,6;5,4;4,5;4,6;5,1;4,5;5,4;5,2;
Terschelling;1;Oude Scherm;;;2,1;2,4;1,7;1,4;1,8;1,8;1,5;;1,8;1,7;;
Terschelling;2;Groede;;1,7;1,7;1,7;1,5;1,0;1,5;1,9;1,7;;1,5;1,7;;
Terschelling;3;Rimkeskooi;;;2,1;2,2;2,6;2,0;2,5;2,9;2,4;;2,0;2,5;;
Terschelling;4;Stuifdijk Paal 22;;1,6;1,6;2,1;1,1;1,1;1,4;1,6;1,6;;1,2;1,3;;
Terschelling;5;Tweede Duintjes Noord;;;2,5;2,4;2,3;1,5;2,4;2,2;1,8;;2,0;2,8;;
Terschelling;6;Tweede Duintjes Zuid;;;2,5;3,1;2,9;1,9;2,1;1,8;1,8;;2,2;2,7;;
Terschelling;7;Jan Thijssen;;;;;;;;1,3;1,3;;;;;
Van Oordt's Mersken;1;Terwispel;;;;;;;;5,7;5,2;6,8;4,7;6,9;5,9;
Van Oordt's Mersken;2;Waterpeilbuis B20;;;;;;;;4,0;3,8;4,9;4,0;5,1;5,0;
Van Oordt's Mersken;3;De Dulf;;;;;;;;7,5;6,8;8,0;6,2;8,4;9,0;
Vechtstreek;1;Eerderveld;;;;;;;;3,3;3,4;3,3;3,2;3,9;3,7;
Vechtstreek;2;Houtprathoek;;;;;;;;3,0;3,4;3,5;2,8;4,0;4,0;
Vechtstreek;3;Junner Koeland;;;;;;;;4,3;4,6;4,8;4,4;5,2;5,9;
Vechtstreek;4;Beerzer Hooiweg;;;;;;;;6,5;5,0;6,7;5,5;6,6;7,1;
Vechtstreek;5;Archemerberg;;;;;;;;6,5;5,3;8,1;5,0;6,6;7,0;
Vechtstreek;6;Lemelerberg;;;;;;;;6,7;7,5;8,4;6,9;8,6;8,4;
Veluwe A50;4;Rozendaalse heide;2,2;2,5;2,8;3,1;2,9;2,2;3,4;3,0;2,8;2,6;2,1;2,6;3,1;
Veluwe A50;12;Rozendaalse heide A50-1;;3,8;4,4;4,1;5,0;3,9;3,9;4,8;5,1;4,6;4,0;5,3;5,3;
Veluwe A50;13;Rozendaalse heide A50-2;;2,9;3,4;3,2;2,7;2,6;3,1;3,1;3,2;3,0;2,3;3,2;3,5;
Veluwe A50;14;Rozendaalse heide A50-3;;2,3;3,5;4,0;3,1;2,3;2,6;2,9;2,8;2,6;2,2;3,1;2,8;
Veluwe Algemeen;1;Het Leesten;1,7;2,3;2,5;2,2;2,3;2,5;2,6;2,6;2,6;2,3;2,2;2,7;2,9;
Veluwe Algemeen;2;Hoog Buurlose heide;2,5;2,2;2,8;3,4;3,0;2,8;3,4;3,4;3,4;2,9;2,9;3,2;4,1;
Veluwe Algemeen;3;Tonnenberg;2,1;3,0;3,0;4,8;3,1;2,5;3,4;3,7;3,1;3,4;3,0;3,3;3,7;
Veluwe Algemeen;4;Rozendaalse heide;2,2;2,5;2,8;3,1;2,9;2,2;3,4;3,0;2,8;2,6;2,1;2,6;3,1;
Veluwe Algemeen;5;Grote Ark;3,5;3,4;4,2;5,4;6,9;3,1;4,0;3,9;4,3;4,0;4,0;4,4;4,5;
Veluwe Algemeen;10;Kootwijk, de Houtbeek 4;;2,5;3,4;4,3;3,6;3,1;4,0;3,6;3,3;3,6;4,0;4,3;4,9;
Veluwe Algemeen;11;Kootwijkerzand;;3,7;3,9;5,0;5,1;4,5;6,1;5,1;5,6;4,9;4,0;4,8;5,4;
Veluwe Doorsnede;1;Het Leesten;1,7;2,3;2,5;2,2;2,3;2,5;2,6;2,6;2,6;2,3;2,2;2,7;2,9;
Veluwe Doorsnede;2;Hoog Buurlose heide;2,5;2,2;2,8;3,4;3,0;2,8;3,4;3,4;3,4;2,9;2,9;3,2;4,1;
Veluwe Doorsnede;7;Kootwijk, de Houtbeek 1;;5,6;5,4;6,3;7,2;5,8;6,0;6,3;5,9;5,6;5,6;6,8;7,5;
Veluwe Doorsnede;8;Kootwijk, de Houtbeek 2;;4,3;5,7;4,8;5,4;5,0;6,3;5,8;5,3;5,2;5,4;5,8;6,3;
Veluwe Doorsnede;9;Kootwijk, de Houtbeek 3;;2,9;4,4;4,3;4,1;3,5;4,3;4,3;4,2;4,2;4,2;4,4;5,5;
Veluwe Doorsnede;10;Kootwijk, de Houtbeek 4;;2,5;3,4;4,3;3,6;3,1;4,0;3,6;3,3;3,6;4,0;4,3;4,9;
Veluwe Doorsnede;11;Kootwijkerzand;;3,7;3,9;5,0;5,1;4,5;6,1;5,1;5,6;4,9;4,0;4,8;5,4;
Veluwe Doorsnede;15;Radio Kootwijk;;;;;;;;;;;;3,7;4,8;
Vlieland;1;Cranberryvlakte;1,3;2,1;2,2;2,2;1,1;0,8;1,3;0,9;1,2;1,3;1,0;1,4;1,2;
Vlieland;2;Pad van twintig, zeereep;1,0;2,4;2,5;1,9;1,5;1,1;2,0;1,5;1,7;1,8;1,3;1,6;1,5;
Vlieland;3;Pad van twintig, halverwege (plot 13);2,3;1,6;1,7;2,8;2,2;1,3;2,2;1,9;1,8;1,7;1,4;1,6;1,6;
Vlieland;4;Pad van twintig, wadzijde;2,4;3,6;1,8;2,2;1,9;1,1;2,5;1,8;1,8;2,5;1,4;2,2;1,4;
Vlieland;5;Cranberryvlakte Noord;;2,3;1,9;1,0;1,3;1,1;2,1;2,0;;1,9;;2,2;1,9;
Vlieland;6;Lange Paal wadzijde;;2,2;2,2;2,0;1,9;1,1;1,8;1,2;1,5;2,1;1,3;1,8;1,5;
Vlijmens Ven & Moerputten;1;Bossche Broek;;;;;;;;;;;;7,2;7,2;
Vlijmens Ven & Moerputten;2;Moerputtenbrug;;;;;;;;;;;;5,4;5,4;
Voornes duin;1;Quackgors;1,8;3,8;1,9;2,2;2,4;1,8;2,7;2,0;2,1;2,1;2,0;2,8;2,4;
Voornes duin;2;Stekelhoekvallei;1,6;2,1;1,5;2,0;1,8;1,6;2,3;1,5;2,1;2,5;2,4;2,5;2,1;
Voornes duin;3;Schapenwei;1,5;2,7;1,6;2,8;2,5;1,8;2,6;2,3;2,5;2,7;2,3;2,9;2,7;
Voornes duin;4;Slikken van Voorne;;;;;;;;;;2,7;1,9;2,4;2,3;
Weerter- en Budelerbergen & Ringselven;1;Loozerheide;;;;;;;;;;;;5,2;4,8;
Weerter- en Budelerbergen & Ringselven;2;Budelerbergen;;;;;;;;;;;;4,3;4,6;
Westerschelde & Saeftinghe;1;Kop Rijksdam;;;;;;;;;4,3;4,6;4,0;5,5;6,2;
Westerschelde & Saeftinghe;2;Schaapskooi;;;;;;;;;4,3;4,3;3,7;4,5;4,6;
Westerschelde & Saeftinghe;3;Biezelingse Ham;;;;;;;;;7,2;6,1;6,5;5,7;6,0;
Willeskop;1;Molen;;;;;;;;;;;7,1;10,7;8,6;
Witte Veen;1;Hegebeek;5,3;4,7;5,4;5,5;5,5;4,6;5,8;5,8;5,1;5,8;4,5;5,9;6,1;
Witte Veen;2;Bramerveld;6,3;6,7;6,3;5,4;5,3;5,2;7,1;6,1;5,3;6,4;5,0;6,0;6,4;
Wooldse Veen;1;WPB3;;5,7;4,1;5,2;4,7;3,9;5,2;5,5;4,5;5,6;4,3;4,6;5,4;
Wooldse Veen;2;Duitse Grens;;3,9;3,3;3,4;3,9;3,5;4,6;5,2;4,8;5,0;4,3;4,7;5,1;
Wooldse Veen;3;Burloervenn;;;;;;;;4,8;4,5;5,2;4,7;5,8;5,9;
Wormer- en Jisperveld & Kalverpolder;1;Grote Harren;;;;;;;;;;5,2;4,0;5,2;;
Wormer- en Jisperveld & Kalverpolder;2;Woeste Heide;;;;;;;;3,9;;4,7;3,4;4,7;;
Wormer- en Jisperveld & Kalverpolder;3;Baanakkers;;;;;;;;3,9;;4,5;3,4;4,3;;
Wormer- en Jisperveld & Kalverpolder;4;Kalverpolder;;;;;;;;4,5;5,7;5,3;3,5;5,3;5,5;
Yerseke & Kapelse Moer;1;Manege;;;;;;;;;5,6;5,2;5,1;5,9;6,5;
Yerseke & Kapelse Moer;2;Eversdijk;;;;;;;;;4,9;4,7;4,1;5,2;5,4;
Zwanenwater;1;Zeereep;1,7;2,8;2,5;2,2;1,6;1,2;1,6;1,3;1,7;1,8;1,8;2,0;1,7;
Zwanenwater;2;Heksenbos;1,6;1,7;1,4;2,0;1,3;1,3;1,9;1,9;2,7;2,8;2,5;3,3;2,7;
Zwanenwater;3;Zijpedijk;1,9;2,1;2,4;3,2;2,3;1,6;2,3;2,3;2,7;2,3;2,3;3,1;2,5;
Zwanenwater;4;Theehuis;1,6;1,8;1,8;2,2;1,5;1,1;1,9;1,2;2,3;2,1;1,7;2,0;1,8;
Zwanenwater;5;De Putten;;;;;;;;;;;2,7;2,5;2,5;
